[
	{
		"question": "What is Linuxs mascots name",
		"category": "Programming",
		"options": [
			{"name": "Linux", "correct": false},
			{"name": "Penguin", "correct": false},
			{"name": "Tux", "correct": true},
			{"name": "Panda", "correct": false}
		]
	},
	{
		"question": "What is the most used dependecy manager for PHP",
		"category": "Programming",
		"options": [
			{"name": "Composer", "correct": true},
			{"name": "Bower", "correct": false},
			{"name": "Gems", "correct": false}
		]
	},
	{
		"question": "What is Laravels command line tool",
		"category": "Programming",
		"options": [
			{"name": "Artisan", "correct": true},
			{"name": "Generate", "correct": false}
		]
	},
	{
		"question": "What is the current Java version",
		"category": "Programming",
		"options": [
			{"name": "Java SE8", "correct": true},
			{"name": "Java Version 2014", "correct" : false},
			{"name": "Java SE7", "correct": true}
		]
	},
	{
		"question": "Where is the panama canal",
		"category": "Geography",
		"options": [
			{"name": "Panama", "correct": true}
		]
	}
]